ID,Timestamp,SensorReading,MachineStatus,QualityCheck,ProductCount
1,2023-11-22 9:24:29,43.08100431,Standby,TRUE,21
2,2023-11-21 9:24:29,71.31249096,On,TRUE,18
3,2023-11-20 9:24:29,19.09674456,Standby,FALSE,10
4,2023-11-19 9:24:29,28.95147512,On,TRUE,24
5,2023-11-18 9:24:29,46.28391397,Standby,TRUE,23
6,2023-11-17 9:24:29,16.65037577,On,FALSE,20
7,2023-11-16 9:24:29,62.51647013,Standby,TRUE,17
8,2023-11-15 9:24:29,7.724391563,Off,TRUE,13
9,2023-11-14 9:24:29,88.27136633,Off,TRUE,23
10,2023-11-13 9:24:29,53.34999712,Off,TRUE,20
11,2023-11-12 9:24:29,21.00895579,Standby,FALSE,19
12,2023-11-11 9:24:29,0.1295324944,On,TRUE,27
13,2023-11-10 9:24:29,6.039344746,Off,FALSE,26
14,2023-11-09 9:24:29,10.7184317,On,FALSE,18
15,2023-11-08 9:24:29,78.2016559,Off,FALSE,15
16,2023-11-07 9:24:29,33.39475064,Standby,FALSE,22
17,2023-11-06 9:24:29,67.66981759,On,TRUE,21
18,2023-11-05 9:24:29,67.0690735,On,TRUE,16
19,2023-11-04 9:24:29,13.94002053,Off,FALSE,25
20,2023-11-03 9:24:29,31.07643598,Standby,FALSE,13
21,2023-11-02 9:24:29,26.73721919,On,FALSE,17
22,2023-11-01 9:24:29,88.71893422,Standby,FALSE,17
23,2023-10-31 9:24:29,79.46375014,Standby,TRUE,21
24,2023-10-30 9:24:29,31.15800288,Off,TRUE,19
25,2023-10-29 9:24:29,48.06834467,Off,TRUE,18
26,2023-10-28 9:24:29,20.9168738,On,FALSE,18
27,2023-10-27 9:24:29,81.442635,Off,TRUE,16
28,2023-10-26 9:24:29,19.55134861,Standby,TRUE,20
29,2023-10-25 9:24:29,74.1685165,On,FALSE,21
30,2023-10-24 9:24:29,78.86057935,Standby,FALSE,21
31,2023-10-23 9:24:29,70.7768507,Standby,TRUE,14
32,2023-10-22 9:24:29,89.21358148,On,TRUE,12
33,2023-10-21 9:24:29,55.13939083,Standby,FALSE,14
34,2023-10-20 9:24:29,67.75735204,Standby,TRUE,30
35,2023-10-19 9:24:29,80.45173515,Standby,FALSE,22
36,2023-10-18 9:24:29,80.98921865,Off,FALSE,22
37,2023-10-17 9:24:29,96.36815489,Off,TRUE,17
38,2023-10-16 9:24:29,37.50503959,Off,FALSE,24
39,2023-10-15 9:24:29,54.00736973,Off,TRUE,22
40,2023-10-14 9:24:29,7.579142089,Standby,TRUE,27
41,2023-10-13 9:24:29,60.72944039,Off,FALSE,16
42,2023-10-12 9:24:29,58.28344355,On,FALSE,22
43,2023-10-11 9:24:29,70.77138904,On,FALSE,18
44,2023-10-10 9:24:29,29.4552263,On,FALSE,19
45,2023-10-09 9:24:29,88.05566102,Standby,FALSE,19
46,2023-10-08 9:24:29,72.37962431,On,FALSE,13
47,2023-10-07 9:24:29,57.71486335,Off,TRUE,18
48,2023-10-06 9:24:29,32.62112537,Off,FALSE,22
49,2023-10-05 9:24:29,72.97554564,Off,TRUE,16
50,2023-10-04 9:24:29,91.13801757,Standby,TRUE,16
51,2023-10-03 9:24:29,81.97885702,Off,FALSE,20
52,2023-10-02 9:24:29,88.70077776,On,TRUE,23
53,2023-10-01 9:24:29,53.35713487,On,TRUE,19
54,2023-09-30 9:24:29,97.14504812,Standby,FALSE,19
55,2023-09-29 9:24:29,52.33572418,Off,TRUE,21
56,2023-09-28 9:24:29,63.56510256,Off,TRUE,22
57,2023-09-27 9:24:29,16.9884025,Off,FALSE,23
58,2023-09-26 9:24:29,89.62063088,On,TRUE,20
59,2023-09-25 9:24:29,60.67566672,On,TRUE,23
60,2023-09-24 9:24:29,86.63514778,On,TRUE,17
61,2023-09-23 9:24:29,80.74140507,Off,FALSE,11
62,2023-09-22 9:24:29,5.877365728,Standby,FALSE,17
63,2023-09-21 9:24:29,57.93275307,Standby,FALSE,22
64,2023-09-20 9:24:29,14.42872355,Standby,FALSE,24
65,2023-09-19 9:24:29,71.10627311,Standby,TRUE,15
66,2023-09-18 9:24:29,14.62797482,Standby,FALSE,22
67,2023-09-17 9:24:29,76.64470012,On,FALSE,22
68,2023-09-16 9:24:29,26.68787099,Off,FALSE,21
69,2023-09-15 9:24:29,67.27269719,Standby,TRUE,23
70,2023-09-14 9:24:29,26.31431,Standby,FALSE,28
71,2023-09-13 9:24:29,57.61593908,Off,TRUE,19
72,2023-09-12 9:24:29,23.74652556,Standby,FALSE,18
73,2023-09-11 9:24:29,84.63907428,Standby,FALSE,19
74,2023-09-10 9:24:29,10.47555806,Off,TRUE,30
75,2023-09-09 9:24:29,56.34784446,On,FALSE,17
76,2023-09-08 9:24:29,66.77806866,Standby,TRUE,13
77,2023-09-07 9:24:29,34.83325954,On,FALSE,29
78,2023-09-06 9:24:29,95.23548777,Standby,FALSE,13
79,2023-09-05 9:24:29,89.78178628,On,TRUE,21
80,2023-09-04 9:24:29,16.14120104,On,TRUE,19
81,2023-09-03 9:24:29,49.77377856,Standby,TRUE,25
82,2023-09-02 9:24:29,70.64942642,On,TRUE,16
83,2023-09-01 9:24:29,71.76353915,Off,TRUE,26
84,2023-08-31 9:24:29,84.01441255,On,TRUE,23
85,2023-08-30 9:24:29,74.86421126,On,TRUE,19
86,2023-08-29 9:24:29,22.47635179,Standby,FALSE,25
87,2023-08-28 9:24:29,9.421697659,Off,FALSE,20
88,2023-08-27 9:24:29,74.90676551,Standby,TRUE,21
89,2023-08-26 9:24:29,91.33114192,Standby,FALSE,17
90,2023-08-25 9:24:29,66.47767588,Off,FALSE,18
91,2023-08-24 9:24:29,0.1657282338,Standby,FALSE,21
92,2023-08-23 9:24:29,0.9609571665,Standby,TRUE,19
93,2023-08-22 9:24:29,70.4345653,Off,FALSE,25
94,2023-08-21 9:24:29,96.43672415,On,TRUE,22
95,2023-08-20 9:24:29,87.00057193,Off,FALSE,23
96,2023-08-19 9:24:29,31.38408822,On,FALSE,18
97,2023-08-18 9:24:29,15.36228066,On,TRUE,24
98,2023-08-17 9:24:29,2.715683029,On,FALSE,18
99,2023-08-16 9:24:29,88.78731927,Standby,TRUE,21
100,2023-08-15 9:24:29,43.10194088,Off,TRUE,17
101,2023-08-14 9:24:29,96.30596034,Off,TRUE,19
102,2023-08-13 9:24:29,98.31029734,Off,FALSE,24
103,2023-08-12 9:24:29,1.185383428,Off,FALSE,16
104,2023-08-11 9:24:29,88.17743716,Off,TRUE,17
105,2023-08-10 9:24:29,56.24736063,On,TRUE,27
106,2023-08-09 9:24:29,37.29564763,Standby,FALSE,23
107,2023-08-08 9:24:29,49.76666529,Off,FALSE,20
108,2023-08-07 9:24:29,40.45957676,Standby,FALSE,26
109,2023-08-06 9:24:29,8.910099226,Off,FALSE,20
110,2023-08-05 9:24:29,42.67475471,On,TRUE,16
111,2023-08-04 9:24:29,91.62789164,Off,FALSE,22
112,2023-08-03 9:24:29,96.19774778,Off,TRUE,18
113,2023-08-02 9:24:29,35.67066883,Standby,TRUE,21
114,2023-08-01 9:24:29,79.52747215,Standby,TRUE,20
115,2023-07-31 9:24:29,82.9951631,Standby,TRUE,25
116,2023-07-30 9:24:29,2.771677686,On,FALSE,17
117,2023-07-29 9:24:29,18.41340877,Standby,FALSE,21
118,2023-07-28 9:24:29,21.24998399,On,TRUE,20
119,2023-07-27 9:24:29,40.48160544,Off,TRUE,17
120,2023-07-26 9:24:29,70.75088816,On,FALSE,13
121,2023-07-25 9:24:29,44.58529873,On,TRUE,18
122,2023-07-24 9:24:29,1.090908729,Off,FALSE,15
123,2023-07-23 9:24:29,28.45702833,On,TRUE,15
124,2023-07-22 9:24:29,19.77319968,On,TRUE,25
125,2023-07-21 9:24:29,66.09671278,Off,FALSE,19
126,2023-07-20 9:24:29,42.03316062,On,FALSE,24
127,2023-07-19 9:24:29,44.80383214,Standby,TRUE,17
128,2023-07-18 9:24:29,50.27324151,On,TRUE,20
129,2023-07-17 9:24:29,61.04933487,Standby,FALSE,25
130,2023-07-16 9:24:29,61.72003697,On,FALSE,15
131,2023-07-15 9:24:29,27.80208149,On,FALSE,26
132,2023-07-14 9:24:29,62.45880738,On,FALSE,20
133,2023-07-13 9:24:29,44.53157713,Standby,FALSE,17
134,2023-07-12 9:24:29,47.42276053,Standby,FALSE,16
135,2023-07-11 9:24:29,15.466683,Standby,TRUE,23
136,2023-07-10 9:24:29,27.78719961,Off,TRUE,23
137,2023-07-09 9:24:29,39.33266287,Off,FALSE,18
138,2023-07-08 9:24:29,96.63577673,On,FALSE,15
139,2023-07-07 9:24:29,96.81547169,Standby,TRUE,20
140,2023-07-06 9:24:29,8.766366834,Standby,TRUE,23
141,2023-07-05 9:24:29,18.11086052,Off,TRUE,22
142,2023-07-04 9:24:29,56.67943868,Standby,TRUE,20
143,2023-07-03 9:24:29,4.30384884,On,FALSE,16
144,2023-07-02 9:24:29,89.36959145,On,TRUE,22
145,2023-07-01 9:24:29,51.95254218,Standby,FALSE,20
146,2023-06-30 9:24:29,70.35489924,Standby,FALSE,20
147,2023-06-29 9:24:29,11.80458493,On,FALSE,21
148,2023-06-28 9:24:29,62.80847015,Standby,TRUE,21
149,2023-06-27 9:24:29,37.455393,On,TRUE,15
150,2023-06-26 9:24:29,57.99720783,Standby,FALSE,15
151,2023-06-25 9:24:29,92.56083146,On,TRUE,19
152,2023-06-24 9:24:29,67.65148301,On,TRUE,22
153,2023-06-23 9:24:29,28.67906085,Standby,TRUE,16
154,2023-06-22 9:24:29,34.28951357,Standby,FALSE,19
155,2023-06-21 9:24:29,52.45103746,Standby,TRUE,22
156,2023-06-20 9:24:29,84.11149614,Off,FALSE,21
157,2023-06-19 9:24:29,64.30616419,On,TRUE,17
158,2023-06-18 9:24:29,80.44801906,Standby,FALSE,25
159,2023-06-17 9:24:29,13.44937025,On,FALSE,21
160,2023-06-16 9:24:29,6.102013215,Standby,FALSE,26
161,2023-06-15 9:24:29,17.21347158,On,TRUE,25
162,2023-06-14 9:24:29,6.237224554,Off,FALSE,27
163,2023-06-13 9:24:29,64.10258516,Standby,FALSE,21
164,2023-06-12 9:24:29,30.89278581,On,TRUE,16
165,2023-06-11 9:24:29,37.21883284,Off,TRUE,24
166,2023-06-10 9:24:29,67.86459413,On,FALSE,21
167,2023-06-09 9:24:29,11.26480567,Standby,TRUE,18
168,2023-06-08 9:24:29,21.86559236,Off,FALSE,18
169,2023-06-07 9:24:29,80.38498665,On,FALSE,12
170,2023-06-06 9:24:29,23.6061226,On,FALSE,12
171,2023-06-05 9:24:29,68.18439159,On,FALSE,16
172,2023-06-04 9:24:29,12.94831287,Standby,FALSE,18
173,2023-06-03 9:24:29,72.32337413,On,FALSE,21
174,2023-06-02 9:24:29,4.112142274,Off,TRUE,10
175,2023-06-01 9:24:29,61.26565902,Standby,TRUE,19
176,2023-05-31 9:24:29,83.03858403,Standby,FALSE,14
177,2023-05-30 9:24:29,50.29261831,Off,TRUE,20
178,2023-05-29 9:24:29,4.309408266,Standby,FALSE,24
179,2023-05-28 9:24:29,2.905659263,Standby,TRUE,24
180,2023-05-27 9:24:29,76.18654255,Off,FALSE,24
181,2023-05-26 9:24:29,78.2559221,Off,FALSE,10
182,2023-05-25 9:24:29,78.53590299,Off,TRUE,16
183,2023-05-24 9:24:29,92.03598762,Off,FALSE,16
184,2023-05-23 9:24:29,57.55877084,On,TRUE,21
185,2023-05-22 9:24:29,37.2402878,Off,FALSE,22
186,2023-05-21 9:24:29,76.43250329,On,TRUE,17
187,2023-05-20 9:24:29,98.49837243,Standby,FALSE,20
188,2023-05-19 9:24:29,7.432769672,On,FALSE,22
189,2023-05-18 9:24:29,56.4825668,Off,FALSE,13
190,2023-05-17 9:24:29,3.975162209,Standby,TRUE,24
191,2023-05-16 9:24:29,59.03792189,Standby,FALSE,13
192,2023-05-15 9:24:29,58.88558112,On,FALSE,23
193,2023-05-14 9:24:29,44.94115725,Standby,FALSE,21
194,2023-05-13 9:24:29,62.15837023,Standby,TRUE,20
195,2023-05-12 9:24:29,36.03277368,On,TRUE,30
196,2023-05-11 9:24:29,91.76279222,Standby,TRUE,16
197,2023-05-10 9:24:29,99.65464413,Off,TRUE,13
198,2023-05-09 9:24:29,87.80417724,Off,TRUE,24
199,2023-05-08 9:24:29,82.23472555,On,TRUE,12
200,2023-05-07 9:24:29,53.87886844,On,TRUE,25
201,2023-05-06 9:24:29,46.9741031,Off,TRUE,7
202,2023-05-05 9:24:29,41.07027198,Off,TRUE,14
203,2023-05-04 9:24:29,90.61920004,Off,FALSE,27
204,2023-05-03 9:24:29,63.29892583,Off,FALSE,18
205,2023-05-02 9:24:29,14.4986521,Standby,FALSE,17
206,2023-05-01 9:24:29,20.09919791,Standby,TRUE,19
207,2023-04-30 9:24:29,51.6137733,Off,TRUE,16
208,2023-04-29 9:24:29,34.43839758,On,FALSE,20
209,2023-04-28 9:24:29,8.8029599,On,TRUE,28
210,2023-04-27 9:24:29,26.62303783,Standby,FALSE,22
211,2023-04-26 9:24:29,91.92459249,Standby,TRUE,12
212,2023-04-25 9:24:29,75.92098467,On,FALSE,26
213,2023-04-24 9:24:29,94.98310391,On,FALSE,28
214,2023-04-23 9:24:29,81.23714004,On,FALSE,17
215,2023-04-22 9:24:29,90.21819141,On,FALSE,14
216,2023-04-21 9:24:29,86.64541594,Standby,TRUE,19
217,2023-04-20 9:24:29,38.6535385,Off,FALSE,15
218,2023-04-19 9:24:29,95.15985077,Off,TRUE,13
219,2023-04-18 9:24:29,66.09691621,Standby,TRUE,17
220,2023-04-17 9:24:29,49.41711742,Standby,TRUE,16
221,2023-04-16 9:24:29,77.90329416,On,TRUE,29
222,2023-04-15 9:24:29,97.07442512,On,TRUE,30
223,2023-04-14 9:24:29,41.9092934,Standby,FALSE,18
224,2023-04-13 9:24:29,69.5395194,Standby,TRUE,24
225,2023-04-12 9:24:29,39.65193189,Standby,FALSE,26
226,2023-04-11 9:24:29,97.22393573,Off,FALSE,19
227,2023-04-10 9:24:29,72.76410764,Standby,TRUE,15
228,2023-04-09 9:24:29,76.71921555,Standby,TRUE,23
229,2023-04-08 9:24:29,75.66836982,On,TRUE,15
230,2023-04-07 9:24:29,75.82259923,Standby,FALSE,20
231,2023-04-06 9:24:29,92.7332534,Off,TRUE,17
232,2023-04-05 9:24:29,22.1188084,Off,TRUE,16
233,2023-04-04 9:24:29,51.70795189,On,FALSE,19
234,2023-04-03 9:24:29,96.64649094,Off,FALSE,17
235,2023-04-02 9:24:29,4.848988493,Off,FALSE,20
236,2023-04-01 9:24:29,76.48971344,On,TRUE,15
237,2023-03-31 9:24:29,51.97019774,Off,TRUE,18
238,2023-03-30 9:24:29,12.71357679,Standby,TRUE,17
239,2023-03-29 9:24:29,15.21542533,Off,FALSE,19
240,2023-03-28 9:24:29,37.47156655,Off,FALSE,28
241,2023-03-27 9:24:29,75.93501614,Standby,FALSE,26
242,2023-03-26 9:24:29,50.2174179,Standby,FALSE,23
243,2023-03-25 9:24:29,28.47635279,Off,TRUE,24
244,2023-03-24 9:24:29,25.70012791,Off,TRUE,15
245,2023-03-23 9:24:29,54.57917401,Standby,FALSE,15
246,2023-03-22 9:24:29,41.90740543,On,TRUE,12
247,2023-03-21 9:24:29,53.47662256,Off,TRUE,20
248,2023-03-20 9:24:29,16.51260653,On,TRUE,16
249,2023-03-19 9:24:29,89.30121893,Standby,FALSE,18
250,2023-03-18 9:24:29,66.94869257,Off,FALSE,20
251,2023-03-17 9:24:29,75.90204031,On,FALSE,21
252,2023-03-16 9:24:29,54.34292684,Standby,FALSE,27
253,2023-03-15 9:24:29,12.02371248,Standby,TRUE,19
254,2023-03-14 9:24:29,16.21206742,Off,FALSE,22
255,2023-03-13 9:24:29,36.42682263,Off,TRUE,21
256,2023-03-12 9:24:29,95.32182537,Off,FALSE,21
257,2023-03-11 9:24:29,42.3833847,Standby,TRUE,22
258,2023-03-10 9:24:29,83.01774423,Standby,FALSE,20
259,2023-03-09 9:24:29,45.23585406,Off,FALSE,13
260,2023-03-08 9:24:29,19.00277621,Off,FALSE,22
261,2023-03-07 9:24:29,76.05403799,Off,FALSE,25
262,2023-03-06 9:24:29,96.58969762,Standby,FALSE,17
263,2023-03-05 9:24:29,61.19132242,Standby,TRUE,18
264,2023-03-04 9:24:29,30.03686562,Off,TRUE,23
265,2023-03-03 9:24:29,51.84352732,On,FALSE,24
266,2023-03-02 9:24:29,75.38506609,Off,TRUE,15
267,2023-03-01 9:24:29,64.79622178,Off,TRUE,15
268,2023-02-28 9:24:29,87.66341854,Standby,TRUE,21
269,2023-02-27 9:24:29,70.06435249,Off,TRUE,23
270,2023-02-26 9:24:29,3.965065713,Standby,FALSE,24
271,2023-02-25 9:24:29,4.674535125,Off,FALSE,15
272,2023-02-24 9:24:29,40.50316371,On,FALSE,19
273,2023-02-23 9:24:29,5.823890119,Off,FALSE,18
274,2023-02-22 9:24:29,30.45471754,On,TRUE,19
275,2023-02-21 9:24:29,67.71282688,Standby,FALSE,13
276,2023-02-20 9:24:29,53.47636428,Off,TRUE,23
277,2023-02-19 9:24:29,54.23436672,Off,FALSE,16
278,2023-02-18 9:24:29,91.70625028,Standby,TRUE,18
279,2023-02-17 9:24:29,33.16375464,On,TRUE,15
280,2023-02-16 9:24:29,9.405210123,On,FALSE,24
281,2023-02-15 9:24:29,32.60022067,On,FALSE,21
282,2023-02-14 9:24:29,52.93640268,On,TRUE,21
283,2023-02-13 9:24:29,74.65181483,Standby,FALSE,16
284,2023-02-12 9:24:29,66.40880713,Standby,TRUE,23
285,2023-02-11 9:24:29,2.420934393,On,FALSE,15
286,2023-02-10 9:24:29,84.63205594,Standby,FALSE,13
287,2023-02-09 9:24:29,56.48714363,Off,FALSE,25
288,2023-02-08 9:24:29,34.00940134,On,TRUE,19
289,2023-02-07 9:24:29,51.90587052,Off,TRUE,15
290,2023-02-06 9:24:29,78.27540963,Off,TRUE,26
291,2023-02-05 9:24:29,16.46056393,Standby,TRUE,14
292,2023-02-04 9:24:29,57.51433458,On,TRUE,24
293,2023-02-03 9:24:29,38.45797106,On,TRUE,16
294,2023-02-02 9:24:29,64.63543174,Standby,TRUE,22
295,2023-02-01 9:24:29,97.09769734,Off,FALSE,18
296,2023-01-31 9:24:29,17.81040737,On,TRUE,14
297,2023-01-30 9:24:29,25.47646483,On,FALSE,10
298,2023-01-29 9:24:29,51.42544887,On,FALSE,28
299,2023-01-28 9:24:29,23.68048406,Off,TRUE,24
300,2023-01-27 9:24:29,73.91683174,Standby,TRUE,21
301,2023-01-26 9:24:29,8.34044063,Off,FALSE,25
302,2023-01-25 9:24:29,26.14837003,Off,FALSE,15
303,2023-01-24 9:24:29,53.82355388,Standby,FALSE,29
304,2023-01-23 9:24:29,83.07531404,Off,TRUE,21
305,2023-01-22 9:24:29,1.699887499,Off,FALSE,23
306,2023-01-21 9:24:29,54.52831508,On,TRUE,19
307,2023-01-20 9:24:29,87.54100057,Off,FALSE,18
308,2023-01-19 9:24:29,5.544273349,Off,TRUE,21
309,2023-01-18 9:24:29,66.43810687,Off,TRUE,23
310,2023-01-17 9:24:29,38.16179986,Standby,FALSE,14
311,2023-01-16 9:24:29,27.90793892,Standby,FALSE,21
312,2023-01-15 9:24:29,48.21111087,Standby,FALSE,29
313,2023-01-14 9:24:29,17.57797315,Off,FALSE,23
314,2023-01-13 9:24:29,97.30170256,Standby,FALSE,16
315,2023-01-12 9:24:29,37.11530445,Off,FALSE,20
316,2023-01-11 9:24:29,20.52529291,On,FALSE,18
317,2023-01-10 9:24:29,52.95696162,Standby,TRUE,22
318,2023-01-09 9:24:29,13.57096307,Standby,TRUE,24
319,2023-01-08 9:24:29,46.27353166,Off,FALSE,16
320,2023-01-07 9:24:29,87.19452797,Standby,FALSE,25
321,2023-01-06 9:24:29,29.09717931,On,FALSE,18
322,2023-01-05 9:24:29,99.0050645,Standby,TRUE,28
323,2023-01-04 9:24:29,95.96070633,Off,FALSE,21
324,2023-01-03 9:24:29,19.15661552,Standby,FALSE,16
325,2023-01-02 9:24:29,65.12402431,Standby,TRUE,23
326,2023-01-01 9:24:29,19.99608425,Standby,TRUE,26
327,2022-12-31 9:24:29,26.98112294,Standby,TRUE,27
328,2022-12-30 9:24:29,80.98379261,On,FALSE,28
329,2022-12-29 9:24:29,9.552278606,Standby,FALSE,23
330,2022-12-28 9:24:29,99.70093776,Standby,FALSE,23
331,2022-12-27 9:24:29,80.26240719,Standby,TRUE,16
332,2022-12-26 9:24:29,91.95190772,On,FALSE,14
333,2022-12-25 9:24:29,4.778864471,Off,FALSE,20
334,2022-12-24 9:24:29,58.76965883,On,FALSE,22
335,2022-12-23 9:24:29,82.19936085,Standby,TRUE,20
336,2022-12-22 9:24:29,67.77883268,On,TRUE,21
337,2022-12-21 9:24:29,89.20773743,Standby,FALSE,15
338,2022-12-20 9:24:29,90.69265574,Off,FALSE,13
339,2022-12-19 9:24:29,18.80663781,Standby,TRUE,18
340,2022-12-18 9:24:29,89.97477325,Off,FALSE,22
341,2022-12-17 9:24:29,98.23769165,On,FALSE,23
342,2022-12-16 9:24:29,48.93576723,On,TRUE,19
343,2022-12-15 9:24:29,76.17426489,Standby,TRUE,13
344,2022-12-14 9:24:29,15.52674205,On,FALSE,17
345,2022-12-13 9:24:29,3.594400046,On,TRUE,24
346,2022-12-12 9:24:29,48.66052536,Off,TRUE,18
347,2022-12-11 9:24:29,29.64865102,Standby,TRUE,33
348,2022-12-10 9:24:29,70.13295876,On,TRUE,18
349,2022-12-09 9:24:29,46.97492296,Off,TRUE,13
350,2022-12-08 9:24:29,53.66139879,Off,TRUE,19
351,2022-12-07 9:24:29,98.53195789,Off,TRUE,21
352,2022-12-06 9:24:29,74.78096656,Standby,FALSE,25
353,2022-12-05 9:24:29,51.6267496,Off,TRUE,23
354,2022-12-04 9:24:29,72.35880053,Standby,TRUE,11
355,2022-12-03 9:24:29,97.06945057,Standby,FALSE,26
356,2022-12-02 9:24:29,64.08714527,Off,FALSE,23
357,2022-12-01 9:24:29,73.79468884,Off,FALSE,22
358,2022-11-30 9:24:29,81.81394444,On,FALSE,13
359,2022-11-29 9:24:29,37.12645598,Off,FALSE,24
360,2022-11-28 9:24:29,50.22978304,Standby,TRUE,18
361,2022-11-27 9:24:29,6.447469244,Standby,TRUE,18
362,2022-11-26 9:24:29,94.73111065,Off,FALSE,16
363,2022-11-25 9:24:29,45.27876877,Off,TRUE,24
364,2022-11-24 9:24:29,89.3662285,Standby,TRUE,21
365,2022-11-23 9:24:29,84.16542295,On,TRUE,18
366,2022-11-22 9:24:29,21.6318987,Off,TRUE,17
367,2022-11-21 9:24:29,41.51287344,Off,TRUE,19
368,2022-11-20 9:24:29,20.31362124,On,FALSE,24
369,2022-11-19 9:24:29,49.64342435,On,TRUE,18
370,2022-11-18 9:24:29,19.93834977,Off,FALSE,17
371,2022-11-17 9:24:29,15.82212373,Off,FALSE,20
372,2022-11-16 9:24:29,94.56897944,Off,FALSE,22
373,2022-11-15 9:24:29,90.42525863,On,FALSE,13
374,2022-11-14 9:24:29,16.10743737,Off,FALSE,23
375,2022-11-13 9:24:29,72.55719049,Standby,FALSE,17
376,2022-11-12 9:24:29,74.01169227,On,FALSE,23
377,2022-11-11 9:24:29,11.55612172,Off,TRUE,20
378,2022-11-10 9:24:29,93.98324135,Off,FALSE,30
379,2022-11-09 9:24:29,5.001982953,Off,FALSE,17
380,2022-11-08 9:24:29,48.20577449,On,TRUE,19
381,2022-11-07 9:24:29,29.39851894,Standby,TRUE,15
382,2022-11-06 9:24:29,81.55355183,Off,FALSE,27
383,2022-11-05 9:24:29,25.54185175,Off,FALSE,20
384,2022-11-04 9:24:29,52.70662002,Off,TRUE,19
385,2022-11-03 9:24:29,33.56431304,Off,TRUE,14
386,2022-11-02 9:24:29,26.82663365,Standby,FALSE,21
387,2022-11-01 9:24:29,13.08188251,Standby,FALSE,19
388,2022-10-31 9:24:29,80.5549456,Standby,TRUE,25
389,2022-10-30 9:24:29,82.24749818,On,FALSE,13
390,2022-10-29 9:24:29,92.31831568,Off,FALSE,18
391,2022-10-28 9:24:29,85.32646798,Standby,TRUE,24
392,2022-10-27 9:24:29,79.78722809,On,TRUE,23
393,2022-10-26 9:24:29,40.75271603,On,FALSE,24
394,2022-10-25 9:24:29,82.49036026,On,FALSE,17
395,2022-10-24 9:24:29,96.42611405,On,FALSE,16
396,2022-10-23 9:24:29,86.22499845,Off,FALSE,19
397,2022-10-22 9:24:29,42.03538689,Off,TRUE,26
398,2022-10-21 9:24:29,92.83958178,Standby,TRUE,15
399,2022-10-20 9:24:29,80.86724487,Standby,TRUE,11
400,2022-10-19 9:24:29,58.65467098,Off,TRUE,14
401,2022-10-18 9:24:29,8.668190345,On,FALSE,15
402,2022-10-17 9:24:29,22.91729373,On,FALSE,15
403,2022-10-16 9:24:29,76.59722129,Standby,TRUE,21
404,2022-10-15 9:24:29,87.80749437,Standby,FALSE,18
405,2022-10-14 9:24:29,59.58968949,Off,TRUE,13
406,2022-10-13 9:24:29,42.19073225,Standby,TRUE,18
407,2022-10-12 9:24:29,93.10681359,On,TRUE,19
408,2022-10-11 9:24:29,42.91987378,Off,FALSE,15
409,2022-10-10 9:24:29,37.92587846,Off,TRUE,13
410,2022-10-09 9:24:29,20.20912205,Off,TRUE,24
411,2022-10-08 9:24:29,96.60465471,On,FALSE,26
412,2022-10-07 9:24:29,5.173711554,Standby,FALSE,8
413,2022-10-06 9:24:29,26.0360917,Off,FALSE,25
414,2022-10-05 9:24:29,63.92283638,Standby,TRUE,31
415,2022-10-04 9:24:29,23.33149833,Off,TRUE,20
416,2022-10-03 9:24:29,37.75420329,Off,TRUE,22
417,2022-10-02 9:24:29,51.69276392,On,FALSE,18
418,2022-10-01 9:24:29,31.71494302,Standby,FALSE,21
419,2022-09-30 9:24:29,49.27207394,On,FALSE,25
420,2022-09-29 9:24:29,48.1118279,Off,FALSE,16
421,2022-09-28 9:24:29,42.82531907,On,TRUE,23
422,2022-09-27 9:24:29,36.46956907,Standby,TRUE,19
423,2022-09-26 9:24:29,8.430554526,Off,FALSE,25
424,2022-09-25 9:24:29,44.45543889,Standby,TRUE,21
425,2022-09-24 9:24:29,34.22943947,Off,TRUE,21
426,2022-09-23 9:24:29,28.17141232,Standby,TRUE,27
427,2022-09-22 9:24:29,8.386811935,Off,FALSE,18
428,2022-09-21 9:24:29,91.06100854,Standby,TRUE,18
429,2022-09-20 9:24:29,27.91349768,On,FALSE,15
430,2022-09-19 9:24:29,36.21410245,On,FALSE,21
431,2022-09-18 9:24:29,7.259450407,Standby,FALSE,14
432,2022-09-17 9:24:29,9.278474566,Off,TRUE,31
433,2022-09-16 9:24:29,17.77420082,Standby,TRUE,19
434,2022-09-15 9:24:29,57.35313921,On,TRUE,22
435,2022-09-14 9:24:29,5.831696633,Standby,FALSE,14
436,2022-09-13 9:24:29,75.61673627,Standby,FALSE,21
437,2022-09-12 9:24:29,86.19401285,Standby,FALSE,17
438,2022-09-11 9:24:29,71.45048953,On,TRUE,22
439,2022-09-10 9:24:29,50.26047884,Off,FALSE,18
440,2022-09-09 9:24:29,86.33036708,Standby,TRUE,22
441,2022-09-08 9:24:29,39.72094816,Off,FALSE,23
442,2022-09-07 9:24:29,47.86548822,Off,FALSE,14
443,2022-09-06 9:24:29,94.02952663,Off,TRUE,22
444,2022-09-05 9:24:29,41.73251238,On,FALSE,20
445,2022-09-04 9:24:29,77.94668772,On,TRUE,22
446,2022-09-03 9:24:29,14.8934051,On,FALSE,20
447,2022-09-02 9:24:29,98.83900472,On,TRUE,15
448,2022-09-01 9:24:29,22.89377672,Standby,TRUE,25
449,2022-08-31 9:24:29,6.925070209,Standby,TRUE,15
450,2022-08-30 9:24:29,25.06005411,Standby,TRUE,23
451,2022-08-29 9:24:29,91.82844161,On,FALSE,20
452,2022-08-28 9:24:29,58.21439975,Off,FALSE,18
453,2022-08-27 9:24:29,16.23428114,Standby,FALSE,17
454,2022-08-26 9:24:29,99.88570763,Off,FALSE,15
455,2022-08-25 9:24:29,67.28170399,On,FALSE,21
456,2022-08-24 9:24:29,25.94222128,On,TRUE,19
457,2022-08-23 9:24:29,14.64683363,Off,FALSE,19
458,2022-08-22 9:24:29,42.01397192,On,FALSE,17
459,2022-08-21 9:24:29,90.83664014,Standby,TRUE,25
460,2022-08-20 9:24:29,39.04964486,On,TRUE,17
461,2022-08-19 9:24:29,89.59995238,Standby,FALSE,19
462,2022-08-18 9:24:29,98.97222886,Off,TRUE,14
463,2022-08-17 9:24:29,6.931079113,On,FALSE,23
464,2022-08-16 9:24:29,24.48059826,On,FALSE,28
465,2022-08-15 9:24:29,72.73131339,Standby,TRUE,22
466,2022-08-14 9:24:29,27.13830287,On,TRUE,19
467,2022-08-13 9:24:29,39.22591475,Standby,TRUE,19
468,2022-08-12 9:24:29,60.32813195,Off,TRUE,23
469,2022-08-11 9:24:29,98.38232989,On,FALSE,11
470,2022-08-10 9:24:29,73.33403054,Standby,FALSE,14
471,2022-08-09 9:24:29,9.271983563,On,TRUE,21
472,2022-08-08 9:24:29,78.39712389,On,FALSE,18
473,2022-08-07 9:24:29,51.62130945,Off,TRUE,26
474,2022-08-06 9:24:29,14.66645252,On,TRUE,17
475,2022-08-05 9:24:29,43.68845718,Standby,FALSE,11
476,2022-08-04 9:24:29,97.08297252,Standby,TRUE,24
477,2022-08-03 9:24:29,70.56479051,Standby,FALSE,23
478,2022-08-02 9:24:29,53.17667093,Standby,TRUE,22
479,2022-08-01 9:24:29,25.2241322,On,FALSE,25
480,2022-07-31 9:24:29,36.34439158,On,TRUE,20
481,2022-07-30 9:24:29,71.35803841,On,TRUE,17
482,2022-07-29 9:24:29,55.27604469,Standby,TRUE,11
483,2022-07-28 9:24:29,27.59824789,Standby,TRUE,15
484,2022-07-27 9:24:29,87.7320262,On,TRUE,19
485,2022-07-26 9:24:29,38.49334986,Standby,TRUE,13
486,2022-07-25 9:24:29,75.79121874,Standby,TRUE,12
487,2022-07-24 9:24:29,97.79181739,Standby,FALSE,20
488,2022-07-23 9:24:29,43.09381099,On,FALSE,17
489,2022-07-22 9:24:29,77.23643035,Standby,TRUE,20
490,2022-07-21 9:24:29,31.33824582,Off,TRUE,16
491,2022-07-20 9:24:29,47.6786184,On,FALSE,22
492,2022-07-19 9:24:29,61.57902013,On,TRUE,25
493,2022-07-18 9:24:29,90.85679057,On,TRUE,22
494,2022-07-17 9:24:29,33.44597308,Standby,TRUE,27
495,2022-07-16 9:24:29,37.30168883,Standby,TRUE,19
496,2022-07-15 9:24:29,93.48559763,Standby,FALSE,24
497,2022-07-14 9:24:29,36.97836819,Standby,FALSE,23
498,2022-07-13 9:24:29,25.19203466,On,FALSE,20
499,2022-07-12 9:24:29,7.386381481,Off,TRUE,17
500,2022-07-11 9:24:29,24.96680876,Standby,TRUE,20
501,2022-07-10 9:24:29,51.65648341,On,TRUE,20
502,2022-07-09 9:24:29,22.52112281,Off,TRUE,19
503,2022-07-08 9:24:29,25.43104695,Standby,FALSE,21
504,2022-07-07 9:24:29,53.17794054,Off,FALSE,17
505,2022-07-06 9:24:29,55.14215104,Off,TRUE,21
506,2022-07-05 9:24:29,66.75424497,Off,FALSE,22
507,2022-07-04 9:24:29,89.10247504,On,TRUE,25
508,2022-07-03 9:24:29,66.9958499,Off,FALSE,21
509,2022-07-02 9:24:29,48.86424088,Off,TRUE,21
510,2022-07-01 9:24:29,19.17584316,On,TRUE,16
511,2022-06-30 9:24:29,53.15455964,Off,FALSE,24
512,2022-06-29 9:24:29,41.46610754,Standby,FALSE,21
513,2022-06-28 9:24:29,22.26404937,On,FALSE,18
514,2022-06-27 9:24:29,87.63242563,Off,TRUE,27
515,2022-06-26 9:24:29,18.02122445,Standby,TRUE,18
516,2022-06-25 9:24:29,14.75098624,On,FALSE,22
517,2022-06-24 9:24:29,88.98318613,On,TRUE,13
518,2022-06-23 9:24:29,21.24993954,Off,TRUE,12
519,2022-06-22 9:24:29,10.43285445,On,TRUE,21
520,2022-06-21 9:24:29,50.17489019,On,FALSE,19
521,2022-06-20 9:24:29,80.58251444,On,TRUE,19
522,2022-06-19 9:24:29,86.25294115,Off,TRUE,31
523,2022-06-18 9:24:29,31.02383153,On,FALSE,17
524,2022-06-17 9:24:29,73.08856733,Off,FALSE,28
525,2022-06-16 9:24:29,76.34921391,Off,TRUE,13
526,2022-06-15 9:24:29,6.57554502,Off,TRUE,20
527,2022-06-14 9:24:29,14.06098041,On,TRUE,24
528,2022-06-13 9:24:29,65.990257,Standby,TRUE,19
529,2022-06-12 9:24:29,43.27928397,On,FALSE,15
530,2022-06-11 9:24:29,76.81218426,Off,FALSE,20
531,2022-06-10 9:24:29,93.86894457,Off,TRUE,31
532,2022-06-09 9:24:29,1.83773826,Standby,TRUE,31
533,2022-06-08 9:24:29,46.62735703,Off,TRUE,18
534,2022-06-07 9:24:29,78.7102263,Off,FALSE,16
535,2022-06-06 9:24:29,82.69989577,On,FALSE,21
536,2022-06-05 9:24:29,28.78822566,On,TRUE,22
537,2022-06-04 9:24:29,99.7534039,Off,TRUE,20
538,2022-06-03 9:24:29,11.27253696,Off,FALSE,16
539,2022-06-02 9:24:29,72.19567434,Standby,FALSE,24
540,2022-06-01 9:24:29,34.99512836,Off,TRUE,27
541,2022-05-31 9:24:29,59.97617055,Off,TRUE,24
542,2022-05-30 9:24:29,24.8361869,Standby,FALSE,25
543,2022-05-29 9:24:29,5.672812007,Standby,TRUE,15
544,2022-05-28 9:24:29,63.13407991,Off,TRUE,17
545,2022-05-27 9:24:29,60.92459571,On,FALSE,20
546,2022-05-26 9:24:29,40.74253728,Standby,FALSE,18
547,2022-05-25 9:24:29,46.62448676,Off,TRUE,18
548,2022-05-24 9:24:29,46.98761473,On,TRUE,28
549,2022-05-23 9:24:29,56.37493398,On,FALSE,17
550,2022-05-22 9:24:29,89.77284931,Standby,TRUE,27
551,2022-05-21 9:24:29,77.9645176,On,TRUE,19
552,2022-05-20 9:24:29,33.09215992,Standby,TRUE,25
553,2022-05-19 9:24:29,88.64667779,Standby,TRUE,10
554,2022-05-18 9:24:29,25.96092028,Standby,FALSE,24
555,2022-05-17 9:24:29,60.93233868,Off,FALSE,20
556,2022-05-16 9:24:29,76.26631215,On,FALSE,19
557,2022-05-15 9:24:29,72.36840934,Standby,FALSE,24
558,2022-05-14 9:24:29,26.19520682,On,TRUE,23
559,2022-05-13 9:24:29,11.27946548,On,TRUE,28
560,2022-05-12 9:24:29,98.43274873,Off,FALSE,23
561,2022-05-11 9:24:29,90.86428011,Standby,TRUE,29
562,2022-05-10 9:24:29,7.486627719,Off,FALSE,23
563,2022-05-09 9:24:29,83.83463424,Standby,FALSE,22
564,2022-05-08 9:24:29,56.2277597,On,TRUE,20
565,2022-05-07 9:24:29,47.41628558,Standby,FALSE,22
566,2022-05-06 9:24:29,32.55241039,Off,TRUE,25
567,2022-05-05 9:24:29,0.4908207887,On,FALSE,13
568,2022-05-04 9:24:29,52.27613399,On,FALSE,15
569,2022-05-03 9:24:29,69.64906867,On,FALSE,15
570,2022-05-02 9:24:29,34.83185163,Standby,TRUE,18
571,2022-05-01 9:24:29,71.87150224,Standby,FALSE,15
572,2022-04-30 9:24:29,83.32178945,Off,FALSE,23
573,2022-04-29 9:24:29,36.64238529,Standby,FALSE,33
574,2022-04-28 9:24:29,40.22599803,Off,TRUE,21
575,2022-04-27 9:24:29,32.95627494,Standby,TRUE,12
576,2022-04-26 9:24:29,71.13021452,Standby,TRUE,21
577,2022-04-25 9:24:29,44.29528602,Off,TRUE,25
578,2022-04-24 9:24:29,23.71528078,Off,FALSE,18
579,2022-04-23 9:24:29,16.0933999,Off,FALSE,25
580,2022-04-22 9:24:29,3.233997082,Off,FALSE,16
581,2022-04-21 9:24:29,32.97908046,Off,FALSE,25
582,2022-04-20 9:24:29,87.13148429,On,TRUE,23
583,2022-04-19 9:24:29,9.463187556,Standby,FALSE,13
584,2022-04-18 9:24:29,50.45202797,On,FALSE,18
585,2022-04-17 9:24:29,64.29671462,Off,FALSE,17
586,2022-04-16 9:24:29,28.31479839,Off,TRUE,24
587,2022-04-15 9:24:29,58.77868269,Standby,FALSE,20
588,2022-04-14 9:24:29,33.72226433,Standby,TRUE,18
589,2022-04-13 9:24:29,2.680301253,Off,TRUE,17
590,2022-04-12 9:24:29,83.86850595,Standby,FALSE,29
591,2022-04-11 9:24:29,48.50197927,Standby,FALSE,15
592,2022-04-10 9:24:29,3.526971995,Off,TRUE,17
593,2022-04-09 9:24:29,40.73657811,Standby,FALSE,22
594,2022-04-08 9:24:29,31.50483896,Off,TRUE,25
595,2022-04-07 9:24:29,57.64207835,Standby,TRUE,21
596,2022-04-06 9:24:29,53.73779133,On,TRUE,18
597,2022-04-05 9:24:29,96.23900743,On,TRUE,16
598,2022-04-04 9:24:29,15.52740017,On,FALSE,16
599,2022-04-03 9:24:29,52.35729413,On,FALSE,22
600,2022-04-02 9:24:29,15.34243206,Off,FALSE,18
601,2022-04-01 9:24:29,60.75921654,On,TRUE,25
602,2022-03-31 9:24:29,16.06493744,Off,FALSE,25
603,2022-03-30 9:24:29,16.94721713,Off,FALSE,16
604,2022-03-29 9:24:29,30.87271115,Off,TRUE,16
605,2022-03-28 9:24:29,86.31415173,Standby,FALSE,14
606,2022-03-27 9:24:29,13.20163567,On,FALSE,18
607,2022-03-26 9:24:29,6.511042979,Standby,FALSE,18
608,2022-03-25 9:24:29,18.34349496,Standby,TRUE,25
609,2022-03-24 9:24:29,75.35335076,Off,FALSE,29
610,2022-03-23 9:24:29,47.32481906,On,FALSE,18
611,2022-03-22 9:24:29,34.92912139,On,FALSE,24
612,2022-03-21 9:24:29,90.63426587,Off,TRUE,19
613,2022-03-20 9:24:29,16.55240193,Standby,TRUE,19
614,2022-03-19 9:24:29,97.65169972,On,TRUE,14
615,2022-03-18 9:24:29,74.11583166,Off,FALSE,19
616,2022-03-17 9:24:29,16.57510881,Off,TRUE,17
617,2022-03-16 9:24:29,56.64560697,Off,TRUE,21
618,2022-03-15 9:24:29,8.090077334,On,TRUE,15
619,2022-03-14 9:24:29,46.44786356,Standby,FALSE,20
620,2022-03-13 9:24:29,11.57665748,Off,FALSE,15
621,2022-03-12 9:24:29,75.27231133,Off,TRUE,21
622,2022-03-11 9:24:29,37.1551764,Off,TRUE,22
623,2022-03-10 9:24:29,43.15593332,On,TRUE,19
624,2022-03-09 9:24:29,99.38256766,Off,FALSE,24
625,2022-03-08 9:24:29,75.10194536,Standby,FALSE,17
626,2022-03-07 9:24:29,12.71443523,Off,TRUE,30
627,2022-03-06 9:24:29,38.96507149,On,FALSE,20
628,2022-03-05 9:24:29,78.79414841,Off,TRUE,17
629,2022-03-04 9:24:29,38.72396755,Off,TRUE,18
630,2022-03-03 9:24:29,82.09862865,Standby,TRUE,14
631,2022-03-02 9:24:29,45.23910343,Standby,TRUE,26
632,2022-03-01 9:24:29,71.58897267,Off,FALSE,22
633,2022-02-28 9:24:29,98.68654729,Off,TRUE,24
634,2022-02-27 9:24:29,29.89161731,Standby,FALSE,21
635,2022-02-26 9:24:29,33.02735596,On,FALSE,18
636,2022-02-25 9:24:29,1.505572106,On,TRUE,12
637,2022-02-24 9:24:29,41.27861134,Off,TRUE,21
638,2022-02-23 9:24:29,20.77587344,On,FALSE,30
639,2022-02-22 9:24:29,97.1144483,Off,FALSE,18
640,2022-02-21 9:24:29,45.4907812,Standby,FALSE,20
641,2022-02-20 9:24:29,77.6678664,On,FALSE,22
642,2022-02-19 9:24:29,4.36629652,Standby,FALSE,26
643,2022-02-18 9:24:29,44.82852614,On,TRUE,23
644,2022-02-17 9:24:29,83.28458871,On,TRUE,23
645,2022-02-16 9:24:29,0.9456724856,Standby,FALSE,15
646,2022-02-15 9:24:29,35.12403065,Standby,TRUE,13
647,2022-02-14 9:24:29,53.85860381,Standby,TRUE,19
648,2022-02-13 9:24:29,88.25028647,Standby,TRUE,14
649,2022-02-12 9:24:29,99.77194392,On,TRUE,20
650,2022-02-11 9:24:29,65.02185437,Standby,TRUE,14
651,2022-02-10 9:24:29,95.10186848,On,TRUE,23
652,2022-02-09 9:24:29,59.06905424,Off,TRUE,26
653,2022-02-08 9:24:29,87.43479646,On,TRUE,26
654,2022-02-07 9:24:29,0.4931697284,Off,TRUE,15
655,2022-02-06 9:24:29,36.19363832,On,FALSE,16
656,2022-02-05 9:24:29,86.39392739,On,FALSE,18
657,2022-02-04 9:24:29,61.19686616,Off,TRUE,16
658,2022-02-03 9:24:29,18.27948053,Standby,FALSE,17
659,2022-02-02 9:24:29,17.95038856,Standby,TRUE,19
660,2022-02-01 9:24:29,71.36042265,Standby,TRUE,22
661,2022-01-31 9:24:29,70.0255048,Standby,TRUE,20
662,2022-01-30 9:24:29,84.63197297,Standby,TRUE,26
663,2022-01-29 9:24:29,46.08516454,On,TRUE,25
664,2022-01-28 9:24:29,90.31279014,On,FALSE,15
665,2022-01-27 9:24:29,85.73859519,Standby,TRUE,18
666,2022-01-26 9:24:29,50.67601674,On,TRUE,19
667,2022-01-25 9:24:29,82.11601847,On,TRUE,19
668,2022-01-24 9:24:29,80.58646381,Off,TRUE,17
669,2022-01-23 9:24:29,79.19348981,Standby,TRUE,25
670,2022-01-22 9:24:29,43.02870524,On,TRUE,19
671,2022-01-21 9:24:29,49.64589519,Standby,FALSE,28
672,2022-01-20 9:24:29,3.73206991,Standby,FALSE,11
673,2022-01-19 9:24:29,28.22742266,Off,TRUE,21
674,2022-01-18 9:24:29,48.19855422,Off,TRUE,19
675,2022-01-17 9:24:29,59.27717798,Off,TRUE,21
676,2022-01-16 9:24:29,39.03828856,Standby,FALSE,17
677,2022-01-15 9:24:29,69.17622218,Standby,TRUE,9
678,2022-01-14 9:24:29,35.28352499,Standby,FALSE,23
679,2022-01-13 9:24:29,7.951396073,On,FALSE,18
680,2022-01-12 9:24:29,2.54847203,Standby,TRUE,17
681,2022-01-11 9:24:29,74.13592427,Off,TRUE,15
682,2022-01-10 9:24:29,20.32363241,On,FALSE,20
683,2022-01-09 9:24:29,60.82857826,On,TRUE,18
684,2022-01-08 9:24:29,82.84364064,Off,TRUE,19
685,2022-01-07 9:24:29,98.00851584,Off,FALSE,26
686,2022-01-06 9:24:29,93.1362565,Off,TRUE,14
687,2022-01-05 9:24:29,61.90678883,Off,FALSE,26
688,2022-01-04 9:24:29,62.97443893,On,TRUE,23
689,2022-01-03 9:24:29,5.192785352,Standby,TRUE,22
690,2022-01-02 9:24:29,81.48019438,Off,TRUE,18
691,2022-01-01 9:24:29,19.7576062,Off,FALSE,20
692,2021-12-31 9:24:29,94.23800363,Off,TRUE,26
693,2021-12-30 9:24:29,73.29320821,Off,TRUE,24
694,2021-12-29 9:24:29,55.95433106,Standby,FALSE,24
695,2021-12-28 9:24:29,68.47132782,Off,TRUE,16
696,2021-12-27 9:24:29,97.00602037,Standby,TRUE,15
697,2021-12-26 9:24:29,75.64995154,Off,TRUE,24
698,2021-12-25 9:24:29,65.4710677,Off,FALSE,23
699,2021-12-24 9:24:29,28.13767542,Standby,TRUE,24
700,2021-12-23 9:24:29,97.14474965,Standby,FALSE,21
701,2021-12-22 9:24:29,91.12478715,On,TRUE,17
702,2021-12-21 9:24:29,88.65896807,On,TRUE,17
703,2021-12-20 9:24:29,98.85497199,On,TRUE,20
704,2021-12-19 9:24:29,20.6825759,On,FALSE,21
705,2021-12-18 9:24:29,82.13220411,Standby,TRUE,27
706,2021-12-17 9:24:29,30.8530094,Off,FALSE,17
707,2021-12-16 9:24:29,21.65655044,On,FALSE,21
708,2021-12-15 9:24:29,6.217369739,On,TRUE,31
709,2021-12-14 9:24:29,96.25385751,On,FALSE,18
710,2021-12-13 9:24:29,99.60060426,On,TRUE,19
711,2021-12-12 9:24:29,73.51567975,Standby,TRUE,15
712,2021-12-11 9:24:29,34.38554477,On,FALSE,18
713,2021-12-10 9:24:29,50.66511544,Standby,TRUE,14
714,2021-12-09 9:24:29,6.321003907,Standby,TRUE,16
715,2021-12-08 9:24:29,11.74858801,Off,TRUE,16
716,2021-12-07 9:24:29,83.3085606,Standby,TRUE,22
717,2021-12-06 9:24:29,85.44353296,Standby,TRUE,19
718,2021-12-05 9:24:29,4.369855469,Standby,TRUE,21
719,2021-12-04 9:24:29,20.06642034,Off,FALSE,25
720,2021-12-03 9:24:29,44.90315373,Off,TRUE,29
721,2021-12-02 9:24:29,84.67173913,Standby,FALSE,19
722,2021-12-01 9:24:29,82.54975602,Standby,TRUE,25
723,2021-11-30 9:24:29,12.15831639,Standby,FALSE,19
724,2021-11-29 9:24:29,99.10094159,Standby,TRUE,21
725,2021-11-28 9:24:29,60.44551356,Off,TRUE,18
726,2021-11-27 9:24:29,33.22347371,Standby,FALSE,17
727,2021-11-26 9:24:29,20.95808868,Off,TRUE,23
728,2021-11-25 9:24:29,54.06953972,Off,TRUE,25
729,2021-11-24 9:24:29,57.66041479,On,TRUE,23
730,2021-11-23 9:24:29,90.18601996,Standby,TRUE,17
731,2021-11-22 9:24:29,61.60218109,Standby,FALSE,18
732,2021-11-21 9:24:29,38.22684933,Off,TRUE,27
733,2021-11-20 9:24:29,0.2543982365,On,TRUE,24
734,2021-11-19 9:24:29,31.65948266,Standby,TRUE,14
735,2021-11-18 9:24:29,75.05602609,Off,TRUE,17
736,2021-11-17 9:24:29,98.96016016,Off,TRUE,16
737,2021-11-16 9:24:29,39.34293233,On,FALSE,21
738,2021-11-15 9:24:29,19.4965617,Off,FALSE,20
739,2021-11-14 9:24:29,93.71611096,Standby,TRUE,15
740,2021-11-13 9:24:29,25.61857826,On,TRUE,19
741,2021-11-12 9:24:29,97.77986475,On,TRUE,27
742,2021-11-11 9:24:29,48.02772475,Standby,TRUE,25
743,2021-11-10 9:24:29,41.47528536,On,TRUE,14
744,2021-11-09 9:24:29,45.78276087,Standby,FALSE,25
745,2021-11-08 9:24:29,32.04036043,On,FALSE,19
746,2021-11-07 9:24:29,96.55002317,On,FALSE,19
747,2021-11-06 9:24:29,52.44747474,Standby,TRUE,17
748,2021-11-05 9:24:29,13.73398591,On,TRUE,13
749,2021-11-04 9:24:29,7.047200218,Off,FALSE,21
750,2021-11-03 9:24:29,27.10864156,On,FALSE,16
751,2021-11-02 9:24:29,83.75746373,Standby,FALSE,23
752,2021-11-01 9:24:29,18.97396971,Off,FALSE,13
753,2021-10-31 9:24:29,14.04448385,Off,TRUE,16
754,2021-10-30 9:24:29,64.57708244,Standby,FALSE,22
755,2021-10-29 9:24:29,74.53580565,Off,FALSE,22
756,2021-10-28 9:24:29,71.10632942,Off,FALSE,19
757,2021-10-27 9:24:29,33.37578839,Off,TRUE,20
758,2021-10-26 9:24:29,85.45145336,Off,FALSE,19
759,2021-10-25 9:24:29,85.06234237,Off,FALSE,13
760,2021-10-24 9:24:29,57.81408386,Standby,FALSE,21
761,2021-10-23 9:24:29,29.74344231,On,TRUE,13
762,2021-10-22 9:24:29,93.69433995,Off,FALSE,16
763,2021-10-21 9:24:29,38.09725747,On,TRUE,15
764,2021-10-20 9:24:29,38.46942108,Off,TRUE,22
765,2021-10-19 9:24:29,26.29294267,On,FALSE,23
766,2021-10-18 9:24:29,9.611424641,Off,TRUE,18
767,2021-10-17 9:24:29,63.94581388,On,TRUE,21
768,2021-10-16 9:24:29,63.66783776,Standby,FALSE,20
769,2021-10-15 9:24:29,99.91589897,On,TRUE,22
770,2021-10-14 9:24:29,37.81852258,On,TRUE,18
771,2021-10-13 9:24:29,84.51276087,Off,TRUE,17
772,2021-10-12 9:24:29,59.89859409,Off,TRUE,17
773,2021-10-11 9:24:29,26.9841328,Standby,TRUE,16
774,2021-10-10 9:24:29,87.50423927,On,TRUE,18
775,2021-10-09 9:24:29,43.25757392,Off,FALSE,19
776,2021-10-08 9:24:29,20.20807288,Standby,FALSE,18
777,2021-10-07 9:24:29,34.93198874,Standby,FALSE,13
778,2021-10-06 9:24:29,55.48531103,Standby,TRUE,25
779,2021-10-05 9:24:29,88.71300431,Standby,FALSE,12
780,2021-10-04 9:24:29,59.39106495,Off,FALSE,12
781,2021-10-03 9:24:29,11.39557034,On,TRUE,14
782,2021-10-02 9:24:29,58.58512208,Off,TRUE,20
783,2021-10-01 9:24:29,96.1295512,On,TRUE,17
784,2021-09-30 9:24:29,81.23105207,On,TRUE,16
785,2021-09-29 9:24:29,97.74750347,On,FALSE,25
786,2021-09-28 9:24:29,28.6106549,On,TRUE,22
787,2021-09-27 9:24:29,3.747871813,Off,FALSE,20
788,2021-09-26 9:24:29,36.3656723,Standby,TRUE,15
789,2021-09-25 9:24:29,59.22804948,Standby,FALSE,16
790,2021-09-24 9:24:29,51.36023697,Off,FALSE,27
791,2021-09-23 9:24:29,58.97680313,Standby,FALSE,26
792,2021-09-22 9:24:29,42.10234472,On,TRUE,9
793,2021-09-21 9:24:29,67.12703592,Standby,FALSE,30
794,2021-09-20 9:24:29,82.90226687,Standby,TRUE,17
795,2021-09-19 9:24:29,22.00801224,Standby,TRUE,17
796,2021-09-18 9:24:29,75.31976257,Standby,FALSE,18
797,2021-09-17 9:24:29,62.7924689,On,TRUE,15
798,2021-09-16 9:24:29,73.74143855,On,TRUE,27
799,2021-09-15 9:24:29,6.449361806,Off,TRUE,21
800,2021-09-14 9:24:29,81.83171226,Standby,TRUE,19
801,2021-09-13 9:24:29,1.8334748,On,TRUE,23
802,2021-09-12 9:24:29,45.94524462,On,FALSE,20
803,2021-09-11 9:24:29,17.8233994,Off,FALSE,24
804,2021-09-10 9:24:29,53.85438756,On,FALSE,21
805,2021-09-09 9:24:29,69.05614481,On,FALSE,20
806,2021-09-08 9:24:29,72.37204808,Standby,TRUE,25
807,2021-09-07 9:24:29,57.8992948,Off,TRUE,13
808,2021-09-06 9:24:29,2.753621475,On,TRUE,20
809,2021-09-05 9:24:29,53.12397991,On,FALSE,21
810,2021-09-04 9:24:29,45.89187252,Off,FALSE,18
811,2021-09-03 9:24:29,82.96872504,Off,TRUE,22
812,2021-09-02 9:24:29,9.357856285,On,TRUE,20
813,2021-09-01 9:24:29,73.23813301,Off,FALSE,14
814,2021-08-31 9:24:29,67.59437049,On,FALSE,19
815,2021-08-30 9:24:29,28.52615686,Standby,FALSE,19
816,2021-08-29 9:24:29,32.2844751,On,FALSE,15
817,2021-08-28 9:24:29,57.22007895,On,TRUE,24
818,2021-08-27 9:24:29,49.03007441,Off,TRUE,28
819,2021-08-26 9:24:29,92.17789147,Off,FALSE,21
820,2021-08-25 9:24:29,6.700494291,Standby,FALSE,21
821,2021-08-24 9:24:29,80.72648698,Standby,TRUE,26
822,2021-08-23 9:24:29,85.94747185,Standby,FALSE,16
823,2021-08-22 9:24:29,45.02976062,Standby,FALSE,19
824,2021-08-21 9:24:29,99.16844825,On,TRUE,26
825,2021-08-20 9:24:29,3.272552757,Standby,FALSE,23
826,2021-08-19 9:24:29,55.63839676,Standby,TRUE,24
827,2021-08-18 9:24:29,45.63482548,On,TRUE,27
828,2021-08-17 9:24:29,6.148466677,Standby,TRUE,27
829,2021-08-16 9:24:29,75.05366688,Off,FALSE,16
830,2021-08-15 9:24:29,43.57320182,On,TRUE,19
831,2021-08-14 9:24:29,28.51831626,Standby,TRUE,23
832,2021-08-13 9:24:29,45.28531196,On,TRUE,17
833,2021-08-12 9:24:29,63.91841495,On,TRUE,22
834,2021-08-11 9:24:29,15.98090502,On,FALSE,28
835,2021-08-10 9:24:29,16.74262664,On,FALSE,27
836,2021-08-09 9:24:29,73.55053266,On,FALSE,19
837,2021-08-08 9:24:29,11.54360931,On,FALSE,11
838,2021-08-07 9:24:29,68.15502894,On,TRUE,24
839,2021-08-06 9:24:29,46.08851266,Off,TRUE,19
840,2021-08-05 9:24:29,91.17509777,Standby,TRUE,15
841,2021-08-04 9:24:29,53.33861061,On,FALSE,20
842,2021-08-03 9:24:29,31.6759835,Standby,FALSE,21
843,2021-08-02 9:24:29,54.53154926,On,FALSE,9
844,2021-08-01 9:24:29,1.274971319,Off,FALSE,18
845,2021-07-31 9:24:29,32.7729797,Standby,FALSE,18
846,2021-07-30 9:24:29,68.0366782,Standby,FALSE,24
847,2021-07-29 9:24:29,46.72888978,Off,FALSE,19
848,2021-07-28 9:24:29,52.84118651,Off,FALSE,24
849,2021-07-27 9:24:29,55.7141915,Standby,TRUE,21
850,2021-07-26 9:24:29,55.38019321,Standby,TRUE,26
851,2021-07-25 9:24:29,4.612738091,Standby,FALSE,21
852,2021-07-24 9:24:29,64.805348,Off,TRUE,17
853,2021-07-23 9:24:29,94.34872379,On,TRUE,14
854,2021-07-22 9:24:29,93.0884624,On,TRUE,17
855,2021-07-21 9:24:29,64.19139128,Off,FALSE,19
856,2021-07-20 9:24:29,68.3477007,On,TRUE,16
857,2021-07-19 9:24:29,44.62524932,Off,FALSE,20
858,2021-07-18 9:24:29,82.33865794,On,TRUE,13
859,2021-07-17 9:24:29,16.64921922,Off,TRUE,26
860,2021-07-16 9:24:29,28.38418762,Off,TRUE,19
861,2021-07-15 9:24:29,48.28054121,On,TRUE,18
862,2021-07-14 9:24:29,22.12546962,Standby,FALSE,24
863,2021-07-13 9:24:29,9.273004925,On,FALSE,20
864,2021-07-12 9:24:29,58.38281077,Off,FALSE,25
865,2021-07-11 9:24:29,92.37875647,Standby,FALSE,22
866,2021-07-10 9:24:29,2.415274525,Standby,FALSE,18
867,2021-07-09 9:24:29,95.73495644,Off,FALSE,22
868,2021-07-08 9:24:29,61.15414774,On,TRUE,18
869,2021-07-07 9:24:29,83.84263157,Standby,FALSE,18
870,2021-07-06 9:24:29,96.11003222,On,FALSE,20
871,2021-07-05 9:24:29,33.95986491,On,TRUE,18
872,2021-07-04 9:24:29,98.98326779,Off,FALSE,12
873,2021-07-03 9:24:29,85.62706807,On,FALSE,20
874,2021-07-02 9:24:29,7.559843198,Standby,TRUE,24
875,2021-07-01 9:24:29,21.16559578,Standby,FALSE,18
876,2021-06-30 9:24:29,57.06168572,On,TRUE,17
877,2021-06-29 9:24:29,33.07786321,Off,TRUE,20
878,2021-06-28 9:24:29,22.77067709,Off,FALSE,19
879,2021-06-27 9:24:29,91.09901515,Off,FALSE,23
880,2021-06-26 9:24:29,28.12141155,On,FALSE,17
881,2021-06-25 9:24:29,12.99450379,On,TRUE,26
882,2021-06-24 9:24:29,82.5363549,Off,TRUE,20
883,2021-06-23 9:24:29,24.2028231,On,FALSE,25
884,2021-06-22 9:24:29,59.63179129,On,FALSE,21
885,2021-06-21 9:24:29,51.12932313,On,TRUE,19
886,2021-06-20 9:24:29,43.25442501,On,FALSE,23
887,2021-06-19 9:24:29,0.6374932351,On,FALSE,19
888,2021-06-18 9:24:29,36.49984069,On,TRUE,14
889,2021-06-17 9:24:29,52.86216193,On,FALSE,21
890,2021-06-16 9:24:29,89.80830603,Standby,TRUE,20
891,2021-06-15 9:24:29,77.64125609,On,TRUE,18
892,2021-06-14 9:24:29,53.63343919,Off,FALSE,15
893,2021-06-13 9:24:29,2.726469888,On,TRUE,30
894,2021-06-12 9:24:29,89.29851833,Off,FALSE,12
895,2021-06-11 9:24:29,57.5918716,On,TRUE,23
896,2021-06-10 9:24:29,6.244215552,Off,TRUE,13
897,2021-06-09 9:24:29,98.09838458,Standby,TRUE,23
898,2021-06-08 9:24:29,24.91745482,On,TRUE,10
899,2021-06-07 9:24:29,99.19233365,Standby,FALSE,23
900,2021-06-06 9:24:29,91.84600941,Standby,TRUE,26
901,2021-06-05 9:24:29,22.45387079,Standby,TRUE,20
902,2021-06-04 9:24:29,53.01043867,Standby,TRUE,20
903,2021-06-03 9:24:29,69.86907171,Off,TRUE,18
904,2021-06-02 9:24:29,15.46452754,On,TRUE,22
905,2021-06-01 9:24:29,49.40745375,Standby,TRUE,31
906,2021-05-31 9:24:29,31.18054653,On,FALSE,12
907,2021-05-30 9:24:29,75.62442852,Standby,TRUE,16
908,2021-05-29 9:24:29,48.46187279,On,FALSE,18
909,2021-05-28 9:24:29,2.067711638,On,FALSE,19
910,2021-05-27 9:24:29,67.86768357,Standby,FALSE,29
911,2021-05-26 9:24:29,5.295274934,On,FALSE,20
912,2021-05-25 9:24:29,66.37429847,Standby,TRUE,22
913,2021-05-24 9:24:29,92.59523076,Off,TRUE,22
914,2021-05-23 9:24:29,59.12557952,Off,TRUE,24
915,2021-05-22 9:24:29,35.61590365,Off,TRUE,16
916,2021-05-21 9:24:29,4.532710759,Off,FALSE,18
917,2021-05-20 9:24:29,76.77537535,Standby,TRUE,14
918,2021-05-19 9:24:29,81.30282913,Standby,FALSE,16
919,2021-05-18 9:24:29,8.069069844,Off,TRUE,16
920,2021-05-17 9:24:29,43.52227572,Standby,FALSE,15
921,2021-05-16 9:24:29,77.01630184,On,FALSE,27
922,2021-05-15 9:24:29,89.1209442,On,FALSE,19
923,2021-05-14 9:24:29,5.437294117,On,FALSE,15
924,2021-05-13 9:24:29,45.08969629,On,FALSE,15
925,2021-05-12 9:24:29,61.5802049,Standby,FALSE,12
926,2021-05-11 9:24:29,64.53147131,Off,FALSE,29
927,2021-05-10 9:24:29,22.89803645,Off,TRUE,31
928,2021-05-09 9:24:29,29.64435896,On,FALSE,19
929,2021-05-08 9:24:29,74.43694739,On,TRUE,15
930,2021-05-07 9:24:29,22.75592366,Off,FALSE,17
931,2021-05-06 9:24:29,75.03882598,Off,FALSE,17
932,2021-05-05 9:24:29,16.80244611,Standby,TRUE,15
933,2021-05-04 9:24:29,67.84456314,Off,TRUE,24
934,2021-05-03 9:24:29,68.07984536,Standby,TRUE,23
935,2021-05-02 9:24:29,85.23106808,Standby,TRUE,27
936,2021-05-01 9:24:29,57.9898941,Standby,TRUE,20
937,2021-04-30 9:24:29,0.1820863203,Off,TRUE,23
938,2021-04-29 9:24:29,70.62614335,Off,TRUE,24
939,2021-04-28 9:24:29,64.84875333,Standby,FALSE,25
940,2021-04-27 9:24:29,63.90580062,Off,FALSE,21
941,2021-04-26 9:24:29,33.47990401,Off,FALSE,15
942,2021-04-25 9:24:29,38.27395507,Off,TRUE,27
943,2021-04-24 9:24:29,80.16431035,On,FALSE,18
944,2021-04-23 9:24:29,13.34408146,Standby,FALSE,25
945,2021-04-22 9:24:29,26.53492933,Off,FALSE,19
946,2021-04-21 9:24:29,46.30712279,Standby,TRUE,14
947,2021-04-20 9:24:29,57.18135624,Off,TRUE,23
948,2021-04-19 9:24:29,31.13859611,Standby,FALSE,29
949,2021-04-18 9:24:29,37.09836948,On,TRUE,18
950,2021-04-17 9:24:29,30.28382822,On,FALSE,23
951,2021-04-16 9:24:29,54.0034651,Standby,TRUE,17
952,2021-04-15 9:24:29,67.56211251,On,TRUE,25
953,2021-04-14 9:24:29,42.73118138,Off,FALSE,12
954,2021-04-13 9:24:29,59.90922213,Off,TRUE,18
955,2021-04-12 9:24:29,52.20062403,Standby,FALSE,18
956,2021-04-11 9:24:29,4.95380642,On,FALSE,25
957,2021-04-10 9:24:29,90.53168791,Standby,FALSE,18
958,2021-04-09 9:24:29,83.80470676,Standby,FALSE,12
959,2021-04-08 9:24:29,94.06434027,Off,TRUE,26
960,2021-04-07 9:24:29,54.30073234,Off,FALSE,19
961,2021-04-06 9:24:29,61.09655047,On,FALSE,8
962,2021-04-05 9:24:29,3.127295468,Standby,TRUE,19
963,2021-04-04 9:24:29,26.3500895,Standby,FALSE,19
964,2021-04-03 9:24:29,14.46886061,Standby,FALSE,16
965,2021-04-02 9:24:29,96.42721045,Standby,TRUE,27
966,2021-04-01 9:24:29,41.42075326,Standby,TRUE,20
967,2021-03-31 9:24:29,63.3463002,Standby,TRUE,23
968,2021-03-30 9:24:29,19.34943131,On,FALSE,26
969,2021-03-29 9:24:29,40.93883211,Standby,TRUE,21
970,2021-03-28 9:24:29,96.98256098,Standby,TRUE,22
971,2021-03-27 9:24:29,1.077250494,On,FALSE,20
972,2021-03-26 9:24:29,22.77788737,Standby,FALSE,29
973,2021-03-25 9:24:29,59.84378686,On,FALSE,14
974,2021-03-24 9:24:29,29.31694173,Standby,TRUE,18
975,2021-03-23 9:24:29,49.42506469,Off,FALSE,19
976,2021-03-22 9:24:29,42.52082266,Off,TRUE,24
977,2021-03-21 9:24:29,95.1103505,On,TRUE,13
978,2021-03-20 9:24:29,34.22224698,Off,FALSE,17
979,2021-03-19 9:24:29,15.34744025,Standby,FALSE,13
980,2021-03-18 9:24:29,87.24793541,On,FALSE,25
981,2021-03-17 9:24:29,68.23133131,Off,FALSE,19
982,2021-03-16 9:24:29,67.45075634,Off,TRUE,19
983,2021-03-15 9:24:29,22.92592546,On,TRUE,24
984,2021-03-14 9:24:29,11.13530409,On,TRUE,13
985,2021-03-13 9:24:29,98.32891012,Standby,FALSE,21
986,2021-03-12 9:24:29,28.60941312,Off,FALSE,20
987,2021-03-11 9:24:29,69.41426538,Standby,TRUE,23
988,2021-03-10 9:24:29,30.14641813,Off,TRUE,21
989,2021-03-09 9:24:29,34.92407108,Off,FALSE,18
990,2021-03-08 9:24:29,33.09716959,Off,TRUE,18
991,2021-03-07 9:24:29,94.44358468,Standby,TRUE,23
992,2021-03-06 9:24:29,16.66163426,On,TRUE,19
993,2021-03-05 9:24:29,82.21777836,On,TRUE,26
994,2021-03-04 9:24:29,76.71859993,Off,TRUE,21
995,2021-03-03 9:24:29,72.34482027,Off,FALSE,19
996,2021-03-02 9:24:29,38.54676238,Off,FALSE,22
997,2021-03-01 9:24:29,6.231277597,On,FALSE,24
998,2021-02-28 9:24:29,78.56803733,On,FALSE,26
999,2021-02-27 9:24:29,27.77651535,Off,TRUE,23
1000,2021-02-26 9:24:29,11.58069304,Standby,TRUE,25